INSERT INTO `centros` (idcentro,tipo,nombre,titularidad,domicilio,localidad,municipio,provincia) VALUES (4000560, 'Centro Docente Privado', 'Compañía de María', 'Concertado', 'Rbla.  Obispo Orbera  35', 'Almería', 'Almería', 'Almería');
INSERT INTO `centros` (idcentro,tipo,nombre,titularidad,domicilio,localidad,municipio,provincia) VALUES (4000511, 'Centro Docente Privado', 'María Inmaculada', 'Concertado', 'C/ Infanta  2', 'Almería', 'Almería', 'Almería');
INSERT INTO `centros` (idcentro,tipo,nombre,titularidad,domicilio,localidad,municipio,provincia) VALUES (4008674, 'Centro de Educación Infantil', 'La Oca', 'Privado', 'C/ Reyes Católicos  14', 'Almería', 'Almería', 'Almería');
INSERT INTO `centros` (idcentro,tipo,nombre,titularidad,domicilio,localidad,municipio,provincia) VALUES (4009708, 'Centro de Educación Infantil', 'Little Monkeys', 'Privado', 'C/ Antonio Ledesma  3', 'Almería', 'Almería', 'Almería');
INSERT INTO `centros` (idcentro,tipo,nombre,titularidad,domicilio,localidad,municipio,provincia) VALUES (4011326, 'Centro de Educación Infantil', 'Emma', 'Privado', 'Rbla. Obispo Orberá  23', 'Almería', 'Almería', 'Almería');
INSERT INTO `centros` (idcentro,tipo,nombre,titularidad,domicilio,localidad,municipio,provincia) VALUES (4001242, 'Escuela de Arte', 'Almería', 'Público', 'Plaza Pablo Cazard  1', 'Almería', 'Almería', 'Almería');
INSERT INTO `centros` (idcentro,tipo,nombre,titularidad,domicilio,localidad,municipio,provincia) VALUES (4011065, 'Escuela autorizada de Música', 'Escuela de Música y Artes de Almería', 'Privado', 'Rbla. Obispo Orberá  23', 'Almería', 'Almería', 'Almería');
INSERT INTO `centros` (idcentro,tipo,nombre,titularidad,domicilio,localidad,municipio,provincia) VALUES (4000584, 'Centro Docente Privado', 'Amor de Dios', 'Concertado', 'C/ Cordoneros  22', 'Almería', 'Almería', 'Almería');
INSERT INTO `centros` (idcentro,tipo,nombre,titularidad,domicilio,localidad,municipio,provincia) VALUES (4000961, 'Centro Docente Privado', 'Juan Pablo II Mater Asunta', 'Concertado', 'Paseo San Luis  6', 'Almería', 'Almería', 'Almería');
INSERT INTO `centros` (idcentro,tipo,nombre,titularidad,domicilio,localidad,municipio,provincia) VALUES (4005028, 'Centro Docente Privado', 'Virgen de la Chanca', 'Concertado', 'Avda. del Mar  97', 'Almería', 'Almería', 'Almería');
INSERT INTO `centros` (idcentro,tipo,nombre,titularidad,domicilio,localidad,municipio,provincia) VALUES (4000602, 'Centro Docente Privado', 'Nuestra Señora del Milagro', 'Concertado', 'Plaza Virgen del Mar  2', 'Almería', 'Almería', 'Almería');
INSERT INTO `centros` (idcentro,tipo,nombre,titularidad,domicilio,localidad,municipio,provincia) VALUES (4602262, 'Centro Docente Privado de Educación Especial', 'Atención Autismo Almería', 'Concertado', 'C/ José María Acosta  16', 'Almería', 'Almería', 'Almería');
INSERT INTO `centros` (idcentro,tipo,nombre,titularidad,domicilio,localidad,municipio,provincia) VALUES (4010292, 'Centro de Educación Infantil', 'San Pablo', 'Privado', 'C/ Real  107  local 2 A', 'Almería', 'Almería', 'Almería');
INSERT INTO `centros` (idcentro,tipo,nombre,titularidad,domicilio,localidad,municipio,provincia) VALUES (4602377, 'Centro de Educación Infantil', 'Estrella del Mar', 'Privado', 'C/ Jarcia  15', 'Almería', 'Almería', 'Almería');
INSERT INTO `centros` (idcentro,tipo,nombre,titularidad,domicilio,localidad,municipio,provincia) VALUES (4010565, 'Centro de Educación Infantil', 'Los Cinco Lobitos', 'Privado', 'Plaza de Pavía  15  Bajo', 'Almería', 'Almería', 'Almería');
INSERT INTO `centros` (idcentro,tipo,nombre,titularidad,domicilio,localidad,municipio,provincia) VALUES (4008081, 'Centro de Educación Infantil', 'Trampolín', 'Privado', 'C/ Real  115', 'Almería', 'Almería', 'Almería');
INSERT INTO `centros` (idcentro,tipo,nombre,titularidad,domicilio,localidad,municipio,provincia) VALUES (4000811, 'Colegio de Educación Infantil y Primaria', 'La Chanca', 'Público', 'Avda. del Mar  s/n', 'Almería', 'Almería', 'Almería');
INSERT INTO `centros` (idcentro,tipo,nombre,titularidad,domicilio,localidad,municipio,provincia) VALUES (4000808, 'Colegio de Educación Infantil y Primaria', 'Inés Relaño', 'Público', 'C/ General Luque  31', 'Almería', 'Almería', 'Almería');
INSERT INTO `centros` (idcentro,tipo,nombre,titularidad,domicilio,localidad,municipio,provincia) VALUES (4500763, 'Centro de Educación Permanente', 'La Chanca', 'Público', 'Avda. del Mar s/n. Centro Social Virgen del Mar', 'Almería', 'Almería', 'Almería');
INSERT INTO `centros` (idcentro,tipo,nombre,titularidad,domicilio,localidad,municipio,provincia) VALUES (4000572, 'Centro Docente Privado', 'San Francisco', 'Concertado', 'Plaza Inmaculada  1', 'Almería', 'Almería', 'Almería');
INSERT INTO `centros` (idcentro,tipo,nombre,titularidad,domicilio,localidad,municipio,provincia) VALUES (4009034, ' Escuela Infantil', 'Santo angel de la guarda', ' Público', ' C/ Escalinata 25', 'Almería', 'Almería', 'Almería');
INSERT INTO `centros` (idcentro,tipo,nombre,titularidad,domicilio,localidad,municipio,provincia) VALUES (4009927, 'Centro de Educación Infantil', 'Los Franciscanos', 'Privado', 'C/ Rambla Alfareros  48', 'Almería', 'Almería', 'Almería');
INSERT INTO `centros` (idcentro,tipo,nombre,titularidad,domicilio,localidad,municipio,provincia) VALUES (4005740, 'Centro de Educación Infantil', 'Virgen del Carmen', 'Privado', 'C/ Memorias  17', 'Almería', 'Almería', 'Almería');
INSERT INTO `centros` (idcentro,tipo,nombre,titularidad,domicilio,localidad,municipio,provincia) VALUES (4010875, 'Centro de Educación Infantil', 'Mil Colores', 'Privado', 'C/ Cámara  2-4', 'Almería', 'Almería', 'Almería');
INSERT INTO `centros` (idcentro,tipo,nombre,titularidad,domicilio,localidad,municipio,provincia) VALUES (4010930, 'Centro de Educación Infantil', 'La Casa Mágica', 'Privado', 'C/ Maldonado Entrena  14', 'Almería', 'Almería', 'Almería');
INSERT INTO `centros` (idcentro,tipo,nombre,titularidad,domicilio,localidad,municipio,provincia) VALUES (4005004, 'Centro de Educación Infantil', 'Los Lápices', 'Privado', 'C/ Méndez  17', 'Almería', 'Almería', 'Almería');
INSERT INTO `centros` (idcentro,tipo,nombre,titularidad,domicilio,localidad,municipio,provincia) VALUES (4000791, 'Colegio de Educación Infantil y Primaria', 'Giner de los Ríos', 'Público', 'C/ Cervantes  4', 'Almería', 'Almería', 'Almería');
INSERT INTO `centros` (idcentro,tipo,nombre,titularidad,domicilio,localidad,municipio,provincia) VALUES (4500581, 'Sección de Educación Permanente', 'Alcazaba', 'Público', 'C/ Cervantes  4', 'Almería', 'Almería', 'Almería');
INSERT INTO `centros` (idcentro,tipo,nombre,titularidad,domicilio,localidad,municipio,provincia) VALUES (4011260, 'Centro autorizado de Enseñanzas Deportivas', 'Estudios Almerienses', 'Privado', 'C/ Leonardo  23  1º A', 'Almería', 'Almería', 'Almería');
INSERT INTO `centros` (idcentro,tipo,nombre,titularidad,domicilio,localidad,municipio,provincia) VALUES (4000493, 'Centro Docente Privado', 'Stella Maris', 'Concertado', 'Avda. Federico García Lorca  22', 'Almería', 'Almería', 'Almería');
INSERT INTO `centros` (idcentro,tipo,nombre,titularidad,domicilio,localidad,municipio,provincia) VALUES (4000432, 'Centro Docente Privado', 'La Milagrosa', 'Concertado', 'C/ Alcalde Muñoz  18', 'Almería', 'Almería', 'Almería');
INSERT INTO `centros` (idcentro,tipo,nombre,titularidad,domicilio,localidad,municipio,provincia) VALUES (4010656, 'Centro de Educación Infantil', 'Almadrabillas', 'Privado', 'Avda. Cabo de Gata  s/n', 'Almería', 'Almería', 'Almería');
INSERT INTO `centros` (idcentro,tipo,nombre,titularidad,domicilio,localidad,municipio,provincia) VALUES (4008637, 'Centro de Educación Infantil', 'Bambi', 'Privado', 'C/ Calar Alto  15', 'Almería', 'Almería', 'Almería');
INSERT INTO `centros` (idcentro,tipo,nombre,titularidad,domicilio,localidad,municipio,provincia) VALUES (4010814, 'Centro de Educación Infantil', 'Don Miky Alcalde Muñoz', 'Privado', 'C/ C/ Alcalde Muñoz  37  bajo', 'Almería', 'Almería', 'Almería');
INSERT INTO `centros` (idcentro,tipo,nombre,titularidad,domicilio,localidad,municipio,provincia) VALUES (4008698, 'Centro de Educación Infantil', 'Volteretas', 'Privado', 'C/ Los Picos  s/n', 'Almería', 'Almería', 'Almería');
INSERT INTO `centros` (idcentro,tipo,nombre,titularidad,domicilio,localidad,municipio,provincia) VALUES (4009757, 'Centro de Educación Infantil', 'El Arca de Noé', 'Privado', 'C/ Dolores Rodríguez Sopeña  13', 'Almería', 'Almería', 'Almería');
INSERT INTO `centros` (idcentro,tipo,nombre,titularidad,domicilio,localidad,municipio,provincia) VALUES (4008650, 'Centro de Educación Infantil', 'Globitos', 'Privado', 'C/ Soldado Español  30', 'Almería', 'Almería', 'Almería');
INSERT INTO `centros` (idcentro,tipo,nombre,titularidad,domicilio,localidad,municipio,provincia) VALUES (4008947, 'Centro de Educación Infantil', 'Las Góndolas Centro', 'Privado', 'C/ Rafael Alberti 22  Local 2-A. Parque Oliveros', 'Almería', 'Almería', 'Almería');
INSERT INTO `centros` (idcentro,tipo,nombre,titularidad,domicilio,localidad,municipio,provincia) VALUES (4001151, 'Instituto de Educación Secundaria', 'Celia Viñas', 'Público', 'C/ Javier Sanz  15', 'Almería', 'Almería', 'Almería');
INSERT INTO `centros` (idcentro,tipo,nombre,titularidad,domicilio,localidad,municipio,provincia) VALUES (4700661, 'Centro autorizado de enseñanzas artísticas elementales de música', 'Amadeus', 'Privado', 'Ctra. de Ronda  181-183', 'Almería', 'Almería', 'Almería');
INSERT INTO `centros` (idcentro,tipo,nombre,titularidad,domicilio,localidad,municipio,provincia) VALUES (4011201, 'Centro Docente Privado', 'Fundación Almería Social y Laboral', 'Privado', 'C/ Doctor Barraquer  21', 'Almería', 'Almería', 'Almería');
INSERT INTO `centros` (idcentro,tipo,nombre,titularidad,domicilio,localidad,municipio,provincia) VALUES (4000471, 'Centro Docente Privado', 'El Arcángel', 'Concertado', 'C/ Hermanos Pinzón  61', 'Almería', 'Almería', 'Almería');
INSERT INTO `centros` (idcentro,tipo,nombre,titularidad,domicilio,localidad,municipio,provincia) VALUES (4000286, 'Centro Docente Privado', 'Almerimatik Formación', 'Privado', 'C/ Doctor Gregorio Marañón  37 Bajo', 'Almería', 'Almería', 'Almería');
INSERT INTO `centros` (idcentro,tipo,nombre,titularidad,domicilio,localidad,municipio,provincia) VALUES (4000936, 'Centro Docente Privado', 'Escuelas Profesionales de la Sagrada Familia', 'Concertado', 'C/ Caravaca  20', 'Almería', 'Almería', 'Almería');
INSERT INTO `centros` (idcentro,tipo,nombre,titularidad,domicilio,localidad,municipio,provincia) VALUES (4001199, 'Centro Docente Privado', 'La Salle-Virgen del Mar', 'Concertado', 'Avda. Federico García Lorca  60', 'Almería', 'Almería', 'Almería');
INSERT INTO `centros` (idcentro,tipo,nombre,titularidad,domicilio,localidad,municipio,provincia) VALUES (4009253, 'Centro de Educación Infantil', 'Aros', 'Privado', 'C/ Altamira  9', 'Almería', 'Almería', 'Almería');
INSERT INTO `centros` (idcentro,tipo,nombre,titularidad,domicilio,localidad,municipio,provincia) VALUES (4009939, 'Centro de Educación Infantil', 'Peques', 'Privado', 'C/ Cardenal Herrera Oria  18 Bajo', 'Almería', 'Almería', 'Almería');
INSERT INTO `centros` (idcentro,tipo,nombre,titularidad,domicilio,localidad,municipio,provincia) VALUES (4001266, 'Colegio de Educación Infantil y Primaria', 'Luis Siret', 'Público', 'Avda. Santa Isabel  29', 'Almería', 'Almería', 'Almería');
INSERT INTO `centros` (idcentro,tipo,nombre,titularidad,domicilio,localidad,municipio,provincia) VALUES (4500660, 'Centro de Educación Permanente', 'Barrio Alto', 'Público', 'Plaza Béjar  19', 'Almería', 'Almería', 'Almería');
INSERT INTO `centros` (idcentro,tipo,nombre,titularidad,domicilio,localidad,municipio,provincia) VALUES (4000699, 'Instituto de Educación Secundaria', 'Alhamilla', 'Público', 'Avda. García Lorca  130', 'Almería', 'Almería', 'Almería');
INSERT INTO `centros` (idcentro,tipo,nombre,titularidad,domicilio,localidad,municipio,provincia) VALUES (4000456, 'Centro Docente Privado', 'Divina Infantita', 'Concertado', 'C/ Calzada de Castro  56', 'Almería', 'Almería', 'Almería');
INSERT INTO `centros` (idcentro,tipo,nombre,titularidad,domicilio,localidad,municipio,provincia) VALUES (4009231, 'Centro Docente Privado', 'Salón Fundamentals', 'Privado', 'C/ Bidasoa  esquina Avda. Montserrat  s/n', 'Almería', 'Almería', 'Almería');
INSERT INTO `centros` (idcentro,tipo,nombre,titularidad,domicilio,localidad,municipio,provincia) VALUES (4000146, 'Centro Docente Privado', 'Ciudad de Almería', 'Concertado', 'C/ Padre Méndez  46', 'Almería', 'Almería', 'Almería');
INSERT INTO `centros` (idcentro,tipo,nombre,titularidad,domicilio,localidad,municipio,provincia) VALUES (4005739, 'Centro Docente Privado', 'Ciudad de Almería', 'Concertado', 'C/ Padre Méndez  40', 'Almería', 'Almería', 'Almería');
INSERT INTO `centros` (idcentro,tipo,nombre,titularidad,domicilio,localidad,municipio,provincia) VALUES (4000158, 'Centro Docente Privado', 'C&D System  Pivot Point', 'Privado', 'Ctra. Ronda  110 - Bajo', 'Almería', 'Almería', 'Almería');
INSERT INTO `centros` (idcentro,tipo,nombre,titularidad,domicilio,localidad,municipio,provincia) VALUES (4010632, 'Centro de Educación Infantil', 'Kinder Garden', 'Privado', 'Avda. Blas Infante  17. Edif. Nuevo Parque 4', 'Almería', 'Almería', 'Almería');
INSERT INTO `centros` (idcentro,tipo,nombre,titularidad,domicilio,localidad,municipio,provincia) VALUES (4009851, 'Centro de Educación Infantil', 'Educamar', 'Privado', 'C/ Cabo Verde  s/n', 'Almería', 'Almería', 'Almería');
INSERT INTO `centros` (idcentro,tipo,nombre,titularidad,domicilio,localidad,municipio,provincia) VALUES (4010504, 'Centro de Educación Infantil', 'Chiquimar', 'Privado', 'Urb. Residencial Center. Edificio B. Bajo 2. Plaza de Barcelona', 'Almería', 'Almería', 'Almería');
INSERT INTO `centros` (idcentro,tipo,nombre,titularidad,domicilio,localidad,municipio,provincia) VALUES (4010747, 'Centro de Educación Infantil', 'Pequeña Lucía', 'Privado', 'C/ Calzada de Castro  62  esq. c/ Lope de Rueda', 'Almería', 'Almería', 'Almería');
INSERT INTO `centros` (idcentro,tipo,nombre,titularidad,domicilio,localidad,municipio,provincia) VALUES (4006380, 'Centro de Educación Infantil', 'Arco Iris', 'Privado', 'C/ Villa de Artes  10', 'Almería', 'Almería', 'Almería');
INSERT INTO `centros` (idcentro,tipo,nombre,titularidad,domicilio,localidad,municipio,provincia) VALUES (4010772, 'Centro de Educación Infantil', 'Las Góndolas III', 'Privado', 'C/ Ana María Matute  4', 'Almería', 'Almería', 'Almería');
INSERT INTO `centros` (idcentro,tipo,nombre,titularidad,domicilio,localidad,municipio,provincia) VALUES (4009681, 'Centro de Educación Infantil', 'Caracol', 'Privado', 'C/ Emilio Viciana Góngora  9', 'Almería', 'Almería', 'Almería');
INSERT INTO `centros` (idcentro,tipo,nombre,titularidad,domicilio,localidad,municipio,provincia) VALUES (4010401, 'Centro de Educación Infantil', 'El Jardín de Cucú', 'Privado', 'Parque Jardines del Generalife  s/n  local 3  bloque P', 'Almería', 'Almería', 'Almería');
INSERT INTO `centros` (idcentro,tipo,nombre,titularidad,domicilio,localidad,municipio,provincia) VALUES (4009149, 'Centro de Educación Infantil', 'Las Góndolas I', 'Privado', 'C/ Ortega y Gasset  3', 'Almería', 'Almería', 'Almería');
INSERT INTO `centros` (idcentro,tipo,nombre,titularidad,domicilio,localidad,municipio,provincia) VALUES (4010516, 'Centro de Educación Infantil', 'Pequemar', 'Privado', 'Urb. Residencial Center. Edif. B. Bajo 1. Plaza de Barcelona', 'Almería', 'Almería', 'Almería');
INSERT INTO `centros` (idcentro,tipo,nombre,titularidad,domicilio,localidad,municipio,provincia) VALUES (4011077, 'Centro de Educación Infantil', 'La Pipa', 'Privado', 'C/ Estrella Errante  s/n', 'Almería', 'Almería', 'Almería');
INSERT INTO `centros` (idcentro,tipo,nombre,titularidad,domicilio,localidad,municipio,provincia) VALUES (4009964, 'Centro de Educación Infantil', 'Baby School', 'Privado', 'Avda. de Monserrat  25', 'Almería', 'Almería', 'Almería');
INSERT INTO `centros` (idcentro,tipo,nombre,titularidad,domicilio,localidad,municipio,provincia) VALUES (4009769, 'Centro de Educación Infantil', 'Rayuela', 'Privado', 'C/ Juan Ramón Jiménez  s/n', 'Almería', 'Almería', 'Almería');
INSERT INTO `centros` (idcentro,tipo,nombre,titularidad,domicilio,localidad,municipio,provincia) VALUES (4005673, 'Colegio de Educación Infantil y Primaria', 'Adela Díaz', 'Público', 'C/ Padre Méndez  s/n', 'Almería', 'Almería', 'Almería');
INSERT INTO `centros` (idcentro,tipo,nombre,titularidad,domicilio,localidad,municipio,provincia) VALUES (4005041, 'Colegio de Educación Infantil y Primaria', 'Madre de la Luz', 'Público', 'C/ Calzada de Castro  3', 'Almería', 'Almería', 'Almería');
INSERT INTO `centros` (idcentro,tipo,nombre,titularidad,domicilio,localidad,municipio,provincia) VALUES (4000973, 'Colegio de Educación Infantil y Primaria', 'Freinet', 'Público', 'Ctra. de Ronda  100', 'Almería', 'Almería', 'Almería');
INSERT INTO `centros` (idcentro,tipo,nombre,titularidad,domicilio,localidad,municipio,provincia) VALUES (4000730, 'Colegio de Educación Infantil y Primaria', 'San Gabriel', 'Público', 'C/ Villa de Artes  13', 'Almería', 'Almería', 'Almería');
INSERT INTO `centros` (idcentro,tipo,nombre,titularidad,domicilio,localidad,municipio,provincia) VALUES (4005053, 'Colegio de Educación Primaria', 'Padre Méndez', 'Público', 'Avda. Padre Méndez  29', 'Almería', 'Almería', 'Almería');
INSERT INTO `centros` (idcentro,tipo,nombre,titularidad,domicilio,localidad,municipio,provincia) VALUES (4006239, 'Conservatorio Profesional de Danza', 'Kina Jiménez', 'Público', 'C/ Padre Méndez  s/n', 'Almería', 'Almería', 'Almería');
INSERT INTO `centros` (idcentro,tipo,nombre,titularidad,domicilio,localidad,municipio,provincia) VALUES (4600022, 'Conservatorio Profesional de Música', 'Real Conservatorio Profesional de Música', 'Público', 'C/ Padre Méndez  s/n', 'Almería', 'Almería', 'Almería');
INSERT INTO `centros` (idcentro,tipo,nombre,titularidad,domicilio,localidad,municipio,provincia) VALUES (4008984, 'Escuela Infantil', 'Torre de los Ángeles', 'Público', 'Ctra. de los Limoneros  6', 'Almería', 'Almería', 'Almería');
INSERT INTO `centros` (idcentro,tipo,nombre,titularidad,domicilio,localidad,municipio,provincia) VALUES (4001230, 'Escuela Infantil', 'Mar de Alborán', 'Público', 'Avda. Padre Méndez  s/n', 'Almería', 'Almería', 'Almería');
INSERT INTO `centros` (idcentro,tipo,nombre,titularidad,domicilio,localidad,municipio,provincia) VALUES (4700442, 'Instituto de Educación Secundaria', 'Azcona', 'Público', 'C/ Policia José Rueda Alcaraz  1', 'Almería', 'Almería', 'Almería');
INSERT INTO `centros` (idcentro,tipo,nombre,titularidad,domicilio,localidad,municipio,provincia) VALUES (4004802, 'Instituto de Educación Secundaria', 'Alborán', 'Público', 'Avda. Padre Méndez  30', 'Almería', 'Almería', 'Almería');
INSERT INTO `centros` (idcentro,tipo,nombre,titularidad,domicilio,localidad,municipio,provincia) VALUES (4700156, 'Instituto de Educación Secundaria', 'Bahía de Almería', 'Público', 'C/ Luis Vives  s/n', 'Almería', 'Almería', 'Almería');
INSERT INTO `centros` (idcentro,tipo,nombre,titularidad,domicilio,localidad,municipio,provincia) VALUES (4501135, 'Sección de Educación Permanente', 'Azorín', 'Público', 'C/ Arcipreste de Hita  26', 'Almería', 'Almería', 'Almería');
INSERT INTO `centros` (idcentro,tipo,nombre,titularidad,domicilio,localidad,municipio,provincia) VALUES (4011031, 'Centro autorizado de Enseñanzas Deportivas', 'Enseñanzas Deportivas Alianza KSV', 'Privado', 'Otros Playa de las Almadrabillas  10. Centro de Actividades Náuticas', 'Almería', 'Almería', 'Almería');
INSERT INTO `centros` (idcentro,tipo,nombre,titularidad,domicilio,localidad,municipio,provincia) VALUES (4011156, 'Centro Docente Privado', 'Centro Formación Almadrabillas', 'Privado', 'Avda. Cabo de Gata  36', 'Almería', 'Almería', 'Almería');
INSERT INTO `centros` (idcentro,tipo,nombre,titularidad,domicilio,localidad,municipio,provincia) VALUES (4000468, 'Centro Docente Privado', 'Nuestra Señora de Fátima', 'Concertado', 'C/ Briviesca  1', 'Almería', 'Almería', 'Almería');
INSERT INTO `centros` (idcentro,tipo,nombre,titularidad,domicilio,localidad,municipio,provincia) VALUES (4010863, 'Centro Docente Privado', 'Ruano Formación', 'Privado', 'Ctra. Sierra Alhamilla  98', 'Almería', 'Almería', 'Almería');
INSERT INTO `centros` (idcentro,tipo,nombre,titularidad,domicilio,localidad,municipio,provincia) VALUES (4010905, 'Centro Docente Privado', 'Medac Almería', 'Privado', 'Avda. Cabo de Gata 36', 'Almería', 'Almería', 'Almería');
INSERT INTO `centros` (idcentro,tipo,nombre,titularidad,domicilio,localidad,municipio,provincia) VALUES (4010899, 'Centro Docente Privado', 'Liceo Erasmus', 'Privado', 'C/ Adolfo Marsillac  s/n', 'Almería', 'Almería', 'Almería');
INSERT INTO `centros` (idcentro,tipo,nombre,titularidad,domicilio,localidad,municipio,provincia) VALUES (4000614, 'Centro Docente Privado', 'Virgen del Mar', 'Concertado', 'Avda. Mediterráneo  73. Ciudad Jardín', 'Almería', 'Almería', 'Almería');
INSERT INTO `centros` (idcentro,tipo,nombre,titularidad,domicilio,localidad,municipio,provincia) VALUES (4008480, 'Centro Docente Privado de Educación Especial', 'Down Almería', 'Concertado', 'C/ José Morales Abad  10', 'Almería', 'Almería', 'Almería');
INSERT INTO `centros` (idcentro,tipo,nombre,titularidad,domicilio,localidad,municipio,provincia) VALUES (4010437, 'Centro de Educación Infantil', 'La Casita de la Vega', 'Privado', 'Avda. Vega de Acá  esquina c/ Dra. Milagros Rivera  12', 'Almería', 'Almería', 'Almería');
INSERT INTO `centros` (idcentro,tipo,nombre,titularidad,domicilio,localidad,municipio,provincia) VALUES (4008030, 'Centro de Educación Infantil', 'La Nube', 'Privado', 'C/ José Mª Artero  8  Bajo', 'Almería', 'Almería', 'Almería');
INSERT INTO `centros` (idcentro,tipo,nombre,titularidad,domicilio,localidad,municipio,provincia) VALUES (4008649, 'Centro de Educación Infantil', 'Mickey-Park', 'Privado', 'Plaza de la Coscoja  s/n  Portal 2  Local A y B', 'Almería', 'Almería', 'Almería');
INSERT INTO `centros` (idcentro,tipo,nombre,titularidad,domicilio,localidad,municipio,provincia) VALUES (4010531, 'Centro de Educación Infantil', 'La Térmica', 'Privado', 'C/ Maestro Gaspar Vivas  42', 'Almería', 'Almería', 'Almería');
INSERT INTO `centros` (idcentro,tipo,nombre,titularidad,domicilio,localidad,municipio,provincia) VALUES (4006343, 'Centro de Educación Infantil', 'Fantasy', 'Privado', 'C/ Lentisco  13 y 17', 'Almería', 'Almería', 'Almería');
INSERT INTO `centros` (idcentro,tipo,nombre,titularidad,domicilio,localidad,municipio,provincia) VALUES (4010693, 'Centro de Educación Infantil', 'Aventura', 'Privado', 'C/ Árbol de la Seda  s/n', 'Almería', 'Almería', 'Almería');
INSERT INTO `centros` (idcentro,tipo,nombre,titularidad,domicilio,localidad,municipio,provincia) VALUES (4008455, 'Centro de Educación Infantil', 'Down Almería', 'Privado', 'C/ José Morales Abad  10', 'Almería', 'Almería', 'Almería');
INSERT INTO `centros` (idcentro,tipo,nombre,titularidad,domicilio,localidad,municipio,provincia) VALUES (4010589, 'Centro de Educación Infantil', 'Risas y Sueños', 'Privado', 'C/ Tejar  41', 'Almería', 'Almería', 'Almería');
INSERT INTO `centros` (idcentro,tipo,nombre,titularidad,domicilio,localidad,municipio,provincia) VALUES (4010841, 'Centro de Educación Infantil', 'Arrecife', 'Privado', 'C/ Alfonso Sánchez esq. Avda. Adolfo Suárez', 'Almería', 'Almería', 'Almería');
INSERT INTO `centros` (idcentro,tipo,nombre,titularidad,domicilio,localidad,municipio,provincia) VALUES (4009198, 'Centro de Educación Infantil', 'Pasitos', 'Privado', 'C/ Bilbao  3', 'Almería', 'Almería', 'Almería');
INSERT INTO `centros` (idcentro,tipo,nombre,titularidad,domicilio,localidad,municipio,provincia) VALUES (4009952, 'Centro de Educación Infantil', 'Montessori La Goleta', 'Privado', 'C/ Árbol del Amor  s/n. Residencial \"La Goleta II\"\"', 'Almería', 'Almería', 'Almería');
INSERT INTO `grupos` (idcentro, curso) VALUES( 4005028, '2B');
INSERT INTO `grupos` (idcentro, curso) VALUES( 4005028, '2C');
INSERT INTO `grupos` (idcentro, curso) VALUES( 4005028, '2D');
INSERT INTO `grupos` (idcentro, curso) VALUES( 4005028, '3A');
INSERT INTO `grupos` (idcentro, curso) VALUES( 4005028, '3B');
INSERT INTO `grupos` (idcentro, curso) VALUES( 4700156, '2A');
INSERT INTO `grupos` (idcentro, curso) VALUES( 4700156, '3A');
INSERT INTO `grupos` (idcentro, curso) VALUES( 4700156, '3B');
INSERT INTO `grupos` (idcentro, curso) VALUES( 4700156, '3C');
INSERT INTO `grupos` (idcentro, curso) VALUES( 4700156, '3D');
INSERT INTO `grupos` (idcentro, curso) VALUES( 4700156, '3E');
INSERT INTO `grupos` (idcentro, curso) VALUES( 4000158, '2A');
INSERT INTO `grupos` (idcentro, curso) VALUES( 4000158, '2B');
INSERT INTO `grupos` (idcentro, curso) VALUES( 4000158, '2C');
INSERT INTO `grupos` (idcentro, curso) VALUES( 4000158, '2D');
INSERT INTO `grupos` (idcentro, curso) VALUES( 4000158, '2E');



INSERT INTO `usuarios` (username,password,email,nombre,primer_apellido,segundo_apellido,rol,fecha_nacimiento,intentos_logueo,ultimo_intento_logueo,puntos_total_jugador,cuenta_activa,idcentro) VALUES ('antonioprofe', '$argon2id$v=19$m=4096,t=3,p=1$HldkNwHJQuoGS9VqiW6LgQ$M88gfuLSwFqOOsyJdJ3MCxF8SrKBq5XNN56Edpl7tro', NULL,  NULL, NULL, NULL, 'ROLE_TEACHER', NULL, NULL, NULL, 0, 1, 4001242);
INSERT INTO `usuarios` (username,password,email,nombre,primer_apellido,segundo_apellido,rol,fecha_nacimiento,intentos_logueo,ultimo_intento_logueo,puntos_total_jugador,cuenta_activa,idcentro) VALUES ('alberto', '$argon2id$v=19$m=4096,t=3,p=1$HldkNwHJQuoGS9VqiW6LgQ$M88gfuLSwFqOOsyJdJ3MCxF8SrKBq5XNN56Edpl7tro', NULL, NULL, NULL, NULL, 'ROLE_STUDENT', NULL, NULL, NULL, 0, 1, 4001886);
INSERT INTO `usuarios` (username,password,email,nombre,primer_apellido,segundo_apellido,rol,fecha_nacimiento,intentos_logueo,ultimo_intento_logueo,puntos_total_jugador,cuenta_activa,idcentro) VALUES ('admin', '$argon2id$v=19$m=4096,t=3,p=1$HldkNwHJQuoGS9VqiW6LgQ$M88gfuLSwFqOOsyJdJ3MCxF8SrKBq5XNN56Edpl7tro', NULL,  NULL, NULL, NULL, 'ROLE_ADMIN', NULL, NULL, NULL, 0, 1, 4000110);
INSERT INTO `usuarios` (username,password,email,nombre,primer_apellido,segundo_apellido,rol,fecha_nacimiento,intentos_logueo,ultimo_intento_logueo,puntos_total_jugador,cuenta_activa,idcentro) VALUES ('ramonprofe', '$argon2id$v=19$m=4096,t=3,p=1$HldkNwHJQuoGS9VqiW6LgQ$M88gfuLSwFqOOsyJdJ3MCxF8SrKBq5XNN56Edpl7tro', NULL,  NULL, NULL, NULL, 'ROLE_TEACHER', NULL, NULL, NULL, 0, 0, 4001886);
INSERT INTO `usuarios` (username,password,email,nombre,primer_apellido,segundo_apellido,rol,fecha_nacimiento,intentos_logueo,ultimo_intento_logueo,puntos_total_jugador,cuenta_activa,idcentro) VALUES ('juan', '$argon2id$v=19$m=4096,t=3,p=1$HldkNwHJQuoGS9VqiW6LgQ$M88gfuLSwFqOOsyJdJ3MCxF8SrKBq5XNN56Edpl7tro', NULL, NULL, NULL, NULL, 'ROLE_STUDENT', NULL, NULL, NULL, 0, 1, 4001886);
INSERT INTO `usuarios` (username,password,email,nombre,primer_apellido,segundo_apellido,rol,fecha_nacimiento,intentos_logueo,ultimo_intento_logueo,puntos_total_jugador,cuenta_activa,idcentro) VALUES ('rosa', '$argon2id$v=19$m=4096,t=3,p=1$HldkNwHJQuoGS9VqiW6LgQ$M88gfuLSwFqOOsyJdJ3MCxF8SrKBq5XNN56Edpl7tro', NULL,  NULL, NULL, NULL, 'ROLE_STUDENT', NULL, NULL, NULL, 0, 1, 4001886);
INSERT INTO `usuarios` (username,password,email,nombre,primer_apellido,segundo_apellido,rol,fecha_nacimiento,intentos_logueo,ultimo_intento_logueo,puntos_total_jugador,cuenta_activa,idcentro) VALUES ('luis', '$argon2id$v=19$m=4096,t=3,p=1$HldkNwHJQuoGS9VqiW6LgQ$M88gfuLSwFqOOsyJdJ3MCxF8SrKBq5XNN56Edpl7tro', NULL,  NULL, NULL, NULL, 'ROLE_STUDENT', NULL, NULL, NULL, 0, 1, 4001886);
INSERT INTO `usuarios` (username,password,email,nombre,primer_apellido,segundo_apellido,rol,fecha_nacimiento,intentos_logueo,ultimo_intento_logueo,puntos_total_jugador,cuenta_activa,idcentro) VALUES ('santiago', '$argon2id$v=19$m=4096,t=3,p=1$HldkNwHJQuoGS9VqiW6LgQ$M88gfuLSwFqOOsyJdJ3MCxF8SrKBq5XNN56Edpl7tro', NULL,  NULL, NULL, NULL, 'ROLE_STUDENT', NULL, NULL, NULL, 0, 1, 4001886);
INSERT INTO `usuarios` (username,password,email,nombre,primer_apellido,segundo_apellido,rol,fecha_nacimiento,intentos_logueo,ultimo_intento_logueo,puntos_total_jugador,cuenta_activa,idcentro) VALUES ('leticia', '$argon2id$v=19$m=4096,t=3,p=1$HldkNwHJQuoGS9VqiW6LgQ$M88gfuLSwFqOOsyJdJ3MCxF8SrKBq5XNN56Edpl7tro', NULL,  NULL, NULL, NULL, 'ROLE_STUDENT', NULL, NULL, NULL, 0, 1, 4001886);
INSERT INTO `usuarios` (username,password,email,nombre,primer_apellido,segundo_apellido,rol,fecha_nacimiento,intentos_logueo,ultimo_intento_logueo,puntos_total_jugador,cuenta_activa,idcentro) VALUES ('patricia', '$argon2id$v=19$m=4096,t=3,p=1$HldkNwHJQuoGS9VqiW6LgQ$M88gfuLSwFqOOsyJdJ3MCxF8SrKBq5XNN56Edpl7tro', NULL,  NULL, NULL, NULL, 'ROLE_STUDENT', NULL, NULL, NULL, 0, 1, 4001886);
INSERT INTO `usuarios` (username,password,email,nombre,primer_apellido,segundo_apellido,rol,fecha_nacimiento,intentos_logueo,ultimo_intento_logueo,puntos_total_jugador,cuenta_activa,idcentro) VALUES ('maria', '$argon2id$v=19$m=4096,t=3,p=1$HldkNwHJQuoGS9VqiW6LgQ$M88gfuLSwFqOOsyJdJ3MCxF8SrKBq5XNN56Edpl7tro', NULL,  NULL, NULL, NULL, 'ROLE_STUDENT', NULL, NULL, NULL, 0, 1, 4001886);
INSERT INTO `usuarios` (username,password,email,nombre,primer_apellido,segundo_apellido,rol,fecha_nacimiento,intentos_logueo,ultimo_intento_logueo,puntos_total_jugador,cuenta_activa,idcentro) VALUES ('carlota', '$argon2id$v=19$m=4096,t=3,p=1$HldkNwHJQuoGS9VqiW6LgQ$M88gfuLSwFqOOsyJdJ3MCxF8SrKBq5XNN56Edpl7tro', NULL,  NULL, NULL, NULL, 'ROLE_STUDENT', NULL, NULL, NULL, 0, 1, 4001886);
INSERT INTO `usuarios` (username,password,email,nombre,primer_apellido,segundo_apellido,rol,fecha_nacimiento,intentos_logueo,ultimo_intento_logueo,puntos_total_jugador,cuenta_activa,idcentro) VALUES ('javier', '$argon2id$v=19$m=4096,t=3,p=1$HldkNwHJQuoGS9VqiW6LgQ$M88gfuLSwFqOOsyJdJ3MCxF8SrKBq5XNN56Edpl7tro', NULL, NULL, NULL, NULL, 'ROLE_STUDENT', NULL, NULL, NULL, 0, 1, 4001886);
INSERT INTO `usuarios` (username,password,email,nombre,primer_apellido,segundo_apellido,rol,fecha_nacimiento,intentos_logueo,ultimo_intento_logueo,puntos_total_jugador,cuenta_activa,idcentro) VALUES ('jaime', '$argon2id$v=19$m=4096,t=3,p=1$HldkNwHJQuoGS9VqiW6LgQ$M88gfuLSwFqOOsyJdJ3MCxF8SrKBq5XNN56Edpl7tro', NULL,  NULL, NULL, NULL, 'ROLE_STUDENT', NULL, NULL, NULL, 0, 1, 4001886);
INSERT INTO `usuarios` (username,password,email,nombre,primer_apellido,segundo_apellido,rol,fecha_nacimiento,intentos_logueo,ultimo_intento_logueo,puntos_total_jugador,cuenta_activa,idcentro) VALUES ('guille', '$argon2id$v=19$m=4096,t=3,p=1$HldkNwHJQuoGS9VqiW6LgQ$M88gfuLSwFqOOsyJdJ3MCxF8SrKBq5XNN56Edpl7tro', NULL, NULL, NULL, NULL, 'ROLE_STUDENT', NULL, NULL, NULL, 0, 1, 4001886);
INSERT INTO `usuarios` (username,password,email,nombre,primer_apellido,segundo_apellido,rol,fecha_nacimiento,intentos_logueo,ultimo_intento_logueo,puntos_total_jugador,cuenta_activa,idcentro) VALUES ('nacho', '$argon2id$v=19$m=4096,t=3,p=1$HldkNwHJQuoGS9VqiW6LgQ$M88gfuLSwFqOOsyJdJ3MCxF8SrKBq5XNN56Edpl7tro', NULL,  NULL, NULL, NULL, 'ROLE_STUDENT', NULL, NULL, NULL, 0, 1, 4001886);




